Season,alpha,beta
All,-11.097265461837663,2.8794411914106615
