Season,alpha,beta
2018/19,-10.566012944375137,2.7711463256325226
2019/20,-8.95261102395941,2.4049823495121117
