Season,alpha,beta
All,-17.73106346206457,4.22685318936703
