Season,alpha,beta
All,-7.761158073554354,2.198716851261229
