Season,alpha,beta
2018/19,-12.559880479436286,3.2048096484286686
2019/20,-11.025508269854093,2.8299867717613494
