Season,alpha,beta
2018/19,-10.933884709063461,2.84842845272439
2019/20,-8.484435094721569,2.3162577621391285
