samp_grp,mean_cpue_count,abundance_cv,abundance,l95_abundance,u95_abundance
Large,11841.788424671517,0.18470733303381065,1068247.7337896174,708610.0474489769,1481044.1746200314
Small,16448.726337358017,0.34575870710782036,1483839.6028930666,570035.6318044723,2548580.278496801
