samp_grp,mean_cpue_wt,biomass_cv,biomass,l95_biomass,u95_biomass
Large,5.599241917430855,0.1773682150695487,505.1076133714374,340.50970927612167,682.2351050558227
Small,0.5063303091761109,0.6394107447115377,45.67605719077696,8.075505088012038,107.37735948036476
