parameter,est
a,7.728968780155139e-5
b,13.557058960066206
